{
	"info": {
		"_postman_id": "db43b01c-c4c4-4089-b6aa-84526486823f",
		"name": "AUTH",
		"schema": "https://schema.getpostman.com/json/collection/v2.0.0/collection.json",
		"_exporter_id": "22356453"
	},
	"item": [
		{
			"name": "Sign Up",
			"event": [
				{
					"listen": "test",
					"script": {
						"exec": [
							"// Describe the expected response shape with JSON Schema",
							"// https://json-schema.org/",
							"const expectedSchema = {",
							"  \"type\": \"object\",",
							"  \"properties\": {",
							"    \"data\": {",
							"      \"type\": \"array\",",
							"      \"items\": {",
							"        \"type\": \"object\",",
							"        \"properties\": {",
							"          \"title\": {",
							"            \"type\": \"string\"",
							"          },",
							"          \"author\": {",
							"            \"type\": \"string\"",
							"          },",
							"          \"published\": {",
							"            \"type\": \"integer\"",
							"          }",
							"        },",
							"        \"required\": [",
							"          \"title\",",
							"          \"author\",",
							"          \"published\"",
							"        ]",
							"      }",
							"    }",
							"  }",
							"};",
							"",
							"// Test that the response matches the expected schema using built-in schema verification",
							"pm.test('response matches JSON schema', () => {",
							"    pm.response.to.have.jsonSchema(expectedSchema);",
							"});"
						],
						"type": "text/javascript",
						"packages": {}
					}
				}
			],
			"request": {
				"auth": {
					"type": "bearer",
					"bearer": {
						"token": "eyJhbGciOiJIUzI1NiIsInR5cCI6IkpXVCJ9.eyJ1c2VySWQiOiIxNCIsInVzZXJuYW1lIjoiU292YW5yb3RoMSIsImVtYWlsIjoiZW9iYXJkMUBnbWFpbC5jb20iLCJpYXQiOjE3MDgyNTU5NzEsImV4cCI6MTcwODg2MDc3MX0.kdyBZQIIF9WNpoVHe-qAakdMnQiMOD6Ohdv3iojKNiU"
					}
				},
				"method": "POST",
				"header": [],
				"body": {
					"mode": "raw",
					"raw": "{\n    \"username\" : \"Sovanroth\",\n   \"email\": \"sovanroth016@gmail.com\",\n    \"password\": \"123456789\",\n    \"role\": 1\n}",
					"options": {
						"raw": {
							"language": "json"
						}
					}
				},
				"url": "http://localhost:3000/users/auth/signup",
				"description": "This request has a test using Postman's built-in support for JSON Schema verification to ensure that the response data matches the expected shape.\n\nSchema validation can be used to verify your API returns data in the right format, without worrying about the exact values. This might be helpful when testing various inputs for a consistent output format.\n\nLearn more about JSON Schema at [https://json-schema.org](https://json-schema.org/.)."
			},
			"response": []
		},
		{
			"name": "login",
			"event": [
				{
					"listen": "test",
					"script": {
						"exec": [
							"pm.test(\"Verify response headers have expected values\", function () {",
							"    pm.expect(pm.response.headers.get(\"Content-Type\")).to.include(\"application/json\");",
							"    pm.expect(pm.response.headers.get(\"Content-Length\")).to.exist;",
							"});",
							""
						],
						"type": "text/javascript",
						"packages": {}
					}
				}
			],
			"request": {
				"method": "POST",
				"header": [],
				"body": {
					"mode": "raw",
					"raw": "{\n   \"email\": \"admin@gmail.com\",\n    \"password\": \"admin1234\"\n}",
					"options": {
						"raw": {
							"language": "json"
						}
					}
				},
				"url": "https://server.sovanrothnath.site/users/auth/login",
				"description": "This request has a test asserting that certain response headers are present or have an expected value.\n\nYou can access details of the response, such as headers, on the `pm.response` object. See the [response object documentation](https://learning.postman.com/docs/writing-scripts/script-references/postman-sandbox-api-reference/#scripting-with-response-data) for other properties available."
			},
			"response": []
		},
		{
			"name": "change password",
			"event": [
				{
					"listen": "test",
					"script": {
						"exec": [
							"pm.test(\"Verify response headers have expected values\", function () {",
							"    pm.expect(pm.response.headers.get(\"Content-Type\")).to.include(\"application/json\");",
							"    pm.expect(pm.response.headers.get(\"Content-Length\")).to.exist;",
							"});",
							""
						],
						"type": "text/javascript",
						"packages": {}
					}
				}
			],
			"request": {
				"auth": {
					"type": "bearer",
					"bearer": {
						"token": "eyJhbGciOiJIUzI1NiIsInR5cCI6IkpXVCJ9.eyJ1c2VybmFtZSI6IlNvdmFucm90aCIsImVtYWlsIjoibnNvdmFucm90aEBnbWFpbC5jb20iLCJpYXQiOjE3MTIxODM1OTYsImV4cCI6MTcxMjM1NjM5Nn0.XcBGBsZErwJiYl5nH4c4YlcWVeUQLlCVP2canDJdtRQ"
					}
				},
				"method": "POST",
				"header": [],
				"body": {
					"mode": "raw",
					"raw": "{\n   \"oldPassword\": \"12345678\",\n    \"newPassword\": \"123456789\"\n}",
					"options": {
						"raw": {
							"language": "json"
						}
					}
				},
				"url": "https://sovanrothlearningserver-production.up.railway.app/users/change-password/1",
				"description": "This request has a test asserting that certain response headers are present or have an expected value.\n\nYou can access details of the response, such as headers, on the `pm.response` object. See the [response object documentation](https://learning.postman.com/docs/writing-scripts/script-references/postman-sandbox-api-reference/#scripting-with-response-data) for other properties available."
			},
			"response": []
		},
		{
			"name": "Get User",
			"event": [
				{
					"listen": "test",
					"script": {
						"exec": [
							"pm.test(\"Status code is 200\", function () {",
							"    pm.response.to.have.status(200);",
							"});",
							""
						],
						"type": "text/javascript",
						"packages": {}
					}
				}
			],
			"request": {
				"auth": {
					"type": "bearer",
					"bearer": {
						"token": "eyJhbGciOiJIUzI1NiIsInR5cCI6IkpXVCJ9.eyJ1c2VybmFtZSI6IkVvYmFyZCBTb3ZhbnJvdGgiLCJlbWFpbCI6ImFkbWluQGdtYWlsLmNvbSIsImlhdCI6MTcxNjk1NDAxMywiZXhwIjoxNzE3MTI2ODEzfQ._bW3Qj6p3Y3cF5v6hMyijSmulenodgVHwv-NwqLchhA"
					}
				},
				"method": "GET",
				"header": [],
				"url": "https://server.sovanrothnath.site/users/auth/get-user",
				"description": "The test on this request asserts that the reponse has a \"200 OK\" status.\n\nYou can check for any HTTP status code using the same mechanism, for example `pm.response.to.have.status(403)` if your API should return an \"Unauthorized\" response."
			},
			"response": []
		},
		{
			"name": "forgot password",
			"event": [
				{
					"listen": "test",
					"script": {
						"exec": [
							"pm.test(\"Status code is 200\", function () {",
							"    pm.response.to.have.status(200);",
							"});",
							""
						],
						"type": "text/javascript",
						"packages": {}
					}
				}
			],
			"request": {
				"auth": {
					"type": "bearer",
					"bearer": {
						"token": "eyJhbGciOiJIUzI1NiIsInR5cCI6IkpXVCJ9.eyJ1c2VySWQiOiIxNCIsInVzZXJuYW1lIjoiU292YW5yb3RoMSIsImVtYWlsIjoiZW9iYXJkMUBnbWFpbC5jb20iLCJpYXQiOjE3MDgyNTU5NzEsImV4cCI6MTcwODg2MDc3MX0.kdyBZQIIF9WNpoVHe-qAakdMnQiMOD6Ohdv3iojKNiU"
					}
				},
				"method": "POST",
				"header": [],
				"body": {
					"mode": "raw",
					"raw": "{\n    \"email\": \"sovanroth078@gmail.com\"\n}",
					"options": {
						"raw": {
							"language": "json"
						}
					}
				},
				"url": "https://server.sovanrothnath.site/users/auth/forgot-password",
				"description": "The test on this request asserts that the reponse has a \"200 OK\" status.\n\nYou can check for any HTTP status code using the same mechanism, for example `pm.response.to.have.status(403)` if your API should return an \"Unauthorized\" response."
			},
			"response": []
		},
		{
			"name": "reset password",
			"event": [
				{
					"listen": "test",
					"script": {
						"exec": [
							"pm.test(\"Status code is 200\", function () {",
							"    pm.response.to.have.status(200);",
							"});",
							""
						],
						"type": "text/javascript",
						"packages": {}
					}
				}
			],
			"request": {
				"auth": {
					"type": "bearer",
					"bearer": {
						"token": "eyJhbGciOiJIUzI1NiIsInR5cCI6IkpXVCJ9.eyJ1c2VySWQiOiIxNCIsInVzZXJuYW1lIjoiU292YW5yb3RoMSIsImVtYWlsIjoiZW9iYXJkMUBnbWFpbC5jb20iLCJpYXQiOjE3MDgyNTU5NzEsImV4cCI6MTcwODg2MDc3MX0.kdyBZQIIF9WNpoVHe-qAakdMnQiMOD6Ohdv3iojKNiU"
					}
				},
				"method": "POST",
				"header": [],
				"body": {
					"mode": "raw",
					"raw": "{\n    \"token\": \"e5edf63498109b36905e276b1d341d217ba22785\",\n    \"newPassword\": \"admin1234567\"\n}",
					"options": {
						"raw": {
							"language": "json"
						}
					}
				},
				"url": "https://sovanrothlearningserver-production.up.railway.app/users/auth/reset-password",
				"description": "The test on this request asserts that the reponse has a \"200 OK\" status.\n\nYou can check for any HTTP status code using the same mechanism, for example `pm.response.to.have.status(403)` if your API should return an \"Unauthorized\" response."
			},
			"response": []
		},
		{
			"name": "Get User by id",
			"event": [
				{
					"listen": "test",
					"script": {
						"exec": [
							"pm.test(\"Status code is 200\", function () {",
							"    pm.response.to.have.status(200);",
							"});",
							""
						],
						"type": "text/javascript",
						"packages": {}
					}
				}
			],
			"request": {
				"auth": {
					"type": "bearer",
					"bearer": {
						"token": "eyJhbGciOiJIUzI1NiIsInR5cCI6IkpXVCJ9.eyJ1c2VybmFtZSI6IkVvYmFyZCBTb3ZhbnJvdGgiLCJlbWFpbCI6ImFkbWluQGdtYWlsLmNvbSIsImlhdCI6MTcxNjk1NDAxMywiZXhwIjoxNzE3MTI2ODEzfQ._bW3Qj6p3Y3cF5v6hMyijSmulenodgVHwv-NwqLchhA"
					}
				},
				"method": "GET",
				"header": [],
				"url": "https://server.sovanrothnath.site/users/auth/get-user-by-id/1",
				"description": "The test on this request asserts that the reponse has a \"200 OK\" status.\n\nYou can check for any HTTP status code using the same mechanism, for example `pm.response.to.have.status(403)` if your API should return an \"Unauthorized\" response."
			},
			"response": []
		},
		{
			"name": "update user",
			"event": [
				{
					"listen": "test",
					"script": {
						"exec": [
							"const getData = () => pm.response.json().data;",
							"",
							"pm.test(\"Returns a book object\", () => {",
							"    const data = getData();",
							"",
							"    // Check the expected properties exist",
							"    pm.expect(data).to.have.property(\"title\");",
							"    pm.expect(data).to.have.property(\"author\");",
							"    pm.expect(data).to.have.property(\"published\");",
							"",
							"    // Check the values have the expected types",
							"    pm.expect(data.title).to.be.a('string');",
							"    pm.expect(data.author).to.be.a('string');",
							"    pm.expect(data.published).to.be.a('number');",
							"});",
							"",
							"pm.test(\"Return correct details for 'Sapiens' book\", () => {",
							"    const data = getData();",
							"",
							"    // Check expected values are present",
							"    pm.expect(data.title).to.equal(\"Sapiens\");",
							"    pm.expect(data.author).to.equal(\"Yuval Noah Harari\");",
							"    pm.expect(data.published).to.equal(2011);",
							"});"
						],
						"type": "text/javascript",
						"packages": {}
					}
				}
			],
			"request": {
				"auth": {
					"type": "bearer",
					"bearer": {
						"token": "eyJhbGciOiJIUzI1NiIsInR5cCI6IkpXVCJ9.eyJ1c2VybmFtZSI6IlJ5b21lbiBTdWt1bmEiLCJlbWFpbCI6ImFkbWluQGdtYWlsLmNvbSIsImlhdCI6MTcxNDUzNjU1OCwiZXhwIjoxNzE0NzA5MzU4fQ.sZulHnp0n1IF1aL6XNGuFo6TKftV0HJuY9xYsN940ps"
					}
				},
				"method": "PUT",
				"header": [],
				"body": {
					"mode": "raw",
					"raw": "{\n    // \"username\" : \"Nath Sovanroth\"\n    // \"email\": \"royger31@gmail.com\"\n    // \"password\": \"123456789\"\n    \"role\" : 1\n}",
					"options": {
						"raw": {
							"language": "json"
						}
					}
				},
				"url": "http://localhost:3000/users/auth/update-user/1",
				"description": "This request uses tests to verify both the structure (existence and type of individual properties) and exact values of the response data.\n\nUse `pm.expect(subject)` to wrap test subjects, and [Chai](https://www.chaijs.com/api/bdd/) for assertions."
			},
			"response": []
		},
		{
			"name": "delete user",
			"event": [
				{
					"listen": "test",
					"script": {
						"exec": [
							"pm.test(\"Verify response time is less than 5 seconds\", function () {",
							"    const fiveSecondsMs = 5_000; // 5 seconds in milliseconds",
							"    pm.expect(pm.response.responseTime).to.be.below(fiveSecondsMs);",
							"});",
							""
						],
						"type": "text/javascript",
						"packages": {}
					}
				}
			],
			"request": {
				"auth": {
					"type": "bearer",
					"bearer": {
						"token": "eyJhbGciOiJIUzI1NiIsInR5cCI6IkpXVCJ9.eyJ1c2VybmFtZSI6IkVvYmFyZCBTb3ZhbnJvdGgiLCJlbWFpbCI6ImFkbWluQGdtYWlsLmNvbSIsImlhdCI6MTcxNTY4NjI2MCwiZXhwIjoxNzE1ODU5MDYwfQ.YBFNGcgVDXAwCmUyeHgelyaS5w6ZxeRlY340NiCPDLg"
					}
				},
				"method": "DELETE",
				"header": [],
				"body": {
					"mode": "raw",
					"raw": "{\n    \"foo\": \"bar\"\n}\n",
					"options": {
						"raw": {
							"language": "json"
						}
					}
				},
				"url": "https://server.sovanrothnath.site/users/auth/delete-user/6",
				"description": "This request has a test asserting that a response is received within a specific time limit (in this case 5 seconds). This is useful for ensuring consistent API performance.\n\nYou can access details of the response, such as response time, on the `pm.response` object. See the [response object documentation](https://learning.postman.com/docs/writing-scripts/script-references/postman-sandbox-api-reference/#scripting-with-response-data) for other properties available."
			},
			"response": []
		}
	],
	"event": [
		{
			"listen": "prerequest",
			"script": {
				"type": "text/javascript",
				"exec": [
					""
				]
			}
		},
		{
			"listen": "test",
			"script": {
				"type": "text/javascript",
				"exec": [
					""
				]
			}
		}
	],
	"variable": [
		{
			"key": "baseUrl",
			"value": "https://postman-echo.com"
		}
	]
}
