{
	"info": {
		"_postman_id": "bbf05eaf-4ed2-45ee-9380-5eea5b6bb043",
		"name": "Buy Course",
		"schema": "https://schema.getpostman.com/json/collection/v2.0.0/collection.json",
		"_exporter_id": "22356453"
	},
	"item": [
		{
			"name": "Buy Course",
			"request": {
				"auth": {
					"type": "bearer",
					"bearer": {
						"token": "eyJhbGciOiJIUzI1NiIsInR5cCI6IkpXVCJ9.eyJ1c2VybmFtZSI6IkVvYmFyZCBTb3ZhbnJvdGgiLCJlbWFpbCI6ImFkbWluQGdtYWlsLmNvbSIsImlhdCI6MTcxNTM1MjczOSwiZXhwIjoxNzE1NTI1NTM5fQ.oj63T07l5EIo105IRzm31_oV1X2UcfE-yHv8_PB4S-k"
					}
				},
				"method": "POST",
				"header": [],
				"url": {
					"raw": "https://server.sovanrothnath.site/users/buy-course?userId=4&courseId=5",
					"protocol": "https",
					"host": [
						"server",
						"sovanrothnath",
						"site"
					],
					"path": [
						"users",
						"buy-course"
					],
					"query": [
						{
							"key": "userId",
							"value": "4"
						},
						{
							"key": "courseId",
							"value": "5"
						}
					]
				}
			},
			"response": []
		},
		{
			"name": "paypal test",
			"request": {
				"auth": {
					"type": "bearer",
					"bearer": {
						"token": "eyJhbGciOiJIUzI1NiIsInR5cCI6IkpXVCJ9.eyJ1c2VybmFtZSI6IlNvdmFucm90aCIsImVtYWlsIjoic292YW5yb3RoMDE2QGdtYWlsLmNvbSIsImlhdCI6MTcxNDI4ODMyMywiZXhwIjoxNzE0NDYxMTIzfQ.XPqUe5n8iCmVnm3kznX2tMcW3w6ILrq3ii8RZyidx1c"
					}
				},
				"method": "POST",
				"header": [],
				"body": {
					"mode": "raw",
					"raw": "{\n    \"amount\" : 100,\n    \"userId\": 13,\n    \"courseId\": 25\n\n}",
					"options": {
						"raw": {
							"language": "json"
						}
					}
				},
				"url": "http://localhost:3000/users/paypal/create-order"
			},
			"response": []
		},
		{
			"name": "paypal ex",
			"request": {
				"auth": {
					"type": "bearer",
					"bearer": {
						"token": "eyJhbGciOiJIUzI1NiIsInR5cCI6IkpXVCJ9.eyJ1c2VybmFtZSI6IlNvdmFucm90aCIsImVtYWlsIjoic292YW5yb3RoMDE2QGdtYWlsLmNvbSIsImlhdCI6MTcxNDI4ODMyMywiZXhwIjoxNzE0NDYxMTIzfQ.XPqUe5n8iCmVnm3kznX2tMcW3w6ILrq3ii8RZyidx1c"
					}
				},
				"method": "POST",
				"header": [],
				"body": {
					"mode": "raw",
					"raw": "{\n    \"orderID\" : \"80B202984G3655524\"\n}",
					"options": {
						"raw": {
							"language": "json"
						}
					}
				},
				"url": "http://localhost:3000/users/paypal/execute-payment"
			},
			"response": []
		}
	]
}