{
	"info": {
		"_postman_id": "61c7b311-6ad9-48cd-8611-b43486bf5e32",
		"name": "Comment",
		"schema": "https://schema.getpostman.com/json/collection/v2.0.0/collection.json",
		"_exporter_id": "22356453"
	},
	"item": [
		{
			"name": "Comment",
			"request": {
				"auth": {
					"type": "bearer",
					"bearer": {
						"token": "eyJhbGciOiJIUzI1NiIsInR5cCI6IkpXVCJ9.eyJ1c2VybmFtZSI6IlNvdmFucm90aCIsImVtYWlsIjoic292YW5yb3RoMDE2QGdtYWlsLmNvbSIsImlhdCI6MTcxNDM3OTExOCwiZXhwIjoxNzE0NTUxOTE4fQ.1-85e18FpanfLwfVRkcsX50UFY4yn8CJ_E8pyrUXuN4"
					}
				},
				"method": "POST",
				"header": [],
				"body": {
					"mode": "raw",
					"raw": "{\n    \"commentData\": \"The standard chunk of Lorem Ipsum used since the 1500s is reproduced below for those interested. Sections 1.10.32 and 1.10.33 from de Finibus Bonorum et Malorum by Cicero are also reproduced in their exact original form, accompanied by English versions from the 1914 translation by H. Rackham.\"\n}",
					"options": {
						"raw": {
							"language": "json"
						}
					}
				},
				"url": "http://localhost:3000/comments/create-comment/1/50"
			},
			"response": []
		},
		{
			"name": "Get Comment",
			"protocolProfileBehavior": {
				"disableBodyPruning": true
			},
			"request": {
				"auth": {
					"type": "bearer",
					"bearer": {
						"token": "eyJhbGciOiJIUzI1NiIsInR5cCI6IkpXVCJ9.eyJ1c2VybmFtZSI6IlNvdmFucm90aCIsImVtYWlsIjoic292YW5yb3RoMDE2QGdtYWlsLmNvbSIsImlhdCI6MTcxNDE5Mjc1MSwiZXhwIjoxNzE0MzY1NTUxfQ.k-Kk3D9HGBxNKC95M6L7ufAEJebO52YrTarLnq-fB-w"
					}
				},
				"method": "GET",
				"header": [],
				"body": {
					"mode": "raw",
					"raw": "{\n    \"commentData\": \"sovanroth016@gmail.com\"\n}",
					"options": {
						"raw": {
							"language": "json"
						}
					}
				},
				"url": "https://server.sovanrothnath.site/comments/get-all-comments"
			},
			"response": []
		},
		{
			"name": "Get Comment by course id",
			"protocolProfileBehavior": {
				"disableBodyPruning": true
			},
			"request": {
				"auth": {
					"type": "bearer",
					"bearer": {
						"token": "eyJhbGciOiJIUzI1NiIsInR5cCI6IkpXVCJ9.eyJ1c2VybmFtZSI6IlNvdmFucm90aCIsImVtYWlsIjoic292YW5yb3RoMDE2QGdtYWlsLmNvbSIsImlhdCI6MTcxNDE5Mjc1MSwiZXhwIjoxNzE0MzY1NTUxfQ.k-Kk3D9HGBxNKC95M6L7ufAEJebO52YrTarLnq-fB-w"
					}
				},
				"method": "GET",
				"header": [],
				"body": {
					"mode": "raw",
					"raw": "{\n    \"commentData\": \"sovanroth016@gmail.com\"\n}",
					"options": {
						"raw": {
							"language": "json"
						}
					}
				},
				"url": "http://localhost:3000/comments/get-comment-by-course-id/1"
			},
			"response": []
		},
		{
			"name": "Update comment",
			"request": {
				"auth": {
					"type": "bearer",
					"bearer": {
						"token": "eyJhbGciOiJIUzI1NiIsInR5cCI6IkpXVCJ9.eyJ1c2VybmFtZSI6IlNvdmFucm90aCIsImVtYWlsIjoic292YW5yb3RoMDE2QGdtYWlsLmNvbSIsImlhdCI6MTcxNDE5Mjc1MSwiZXhwIjoxNzE0MzY1NTUxfQ.k-Kk3D9HGBxNKC95M6L7ufAEJebO52YrTarLnq-fB-w"
					}
				},
				"method": "PUT",
				"header": [],
				"body": {
					"mode": "raw",
					"raw": "{\n    \"commentData\": \"It is a long established fact that a reader will be distracted by the readable content of a page when looking at its layout. The point of using Lorem Ipsum is that it has a more-or-less normal distribution of letters, as opposed to using 'Content here, content here', making it look like readable English. Many desktop publishing packages and web page editors now use Lorem Ipsum as their default model text, and a search for 'lorem ipsum' will uncover many web sites still in their infancy. Various versions have evolved over the years, sometimes by accident, sometimes on purpose (injected humour and the like).\"\n}",
					"options": {
						"raw": {
							"language": "json"
						}
					}
				},
				"url": "http://localhost:3000/comments/upadte-comment/20"
			},
			"response": []
		},
		{
			"name": "Delete comment",
			"request": {
				"auth": {
					"type": "bearer",
					"bearer": {
						"token": "eyJhbGciOiJIUzI1NiIsInR5cCI6IkpXVCJ9.eyJ1c2VybmFtZSI6IkJybyByb3RoJ3MgZ2YiLCJlbWFpbCI6InNvdmFucm90aDAxNkBnbWFpbC5jb20iLCJpYXQiOjE3MTQ0NjIxMzEsImV4cCI6MTcxNDYzNDkzMX0.OIrp2gsWIQp3NQHNN5nbN-FrV7jC9QIYk7JaaOF8S6E"
					}
				},
				"method": "DELETE",
				"header": [],
				"body": {
					"mode": "raw",
					"raw": "{\n    \"commentData\": \"sovanroth016@gmail.com\"\n}",
					"options": {
						"raw": {
							"language": "json"
						}
					}
				},
				"url": "http://localhost:3000/comments/delete-comment/38"
			},
			"response": []
		}
	]
}