{
	"info": {
		"_postman_id": "30899832-0825-403b-aac9-29013e19936c",
		"name": "Course",
		"schema": "https://schema.getpostman.com/json/collection/v2.0.0/collection.json",
		"_exporter_id": "22356453"
	},
	"item": [
		{
			"name": "Create Course",
			"event": [
				{
					"listen": "test",
					"script": {
						"exec": [
							""
						],
						"type": "text/javascript",
						"packages": {}
					}
				}
			],
			"request": {
				"auth": {
					"type": "bearer",
					"bearer": {
						"token": "eyJhbGciOiJIUzI1NiIsInR5cCI6IkpXVCJ9.eyJ1c2VybmFtZSI6IlNvdmFucm90aCIsImVtYWlsIjoic292YW5yb3RoMDE2QGdtYWlsLmNvbSIsImlhdCI6MTcxMjU2OTI5NSwiZXhwIjoxNzEyNzQyMDk1fQ.0grw29ksb8e1PAXajCRMxoDhJU6qRxKOJiiERvVbr4Q"
					}
				},
				"method": "POST",
				"header": [],
				"body": {
					"mode": "formdata",
					"formdata": [
						{
							"key": "courseTitle",
							"value": "JavaScript Practice: Object-Oriented Programming",
							"type": "text"
						},
						{
							"key": "courseDescription",
							"value": "Unlike class-based programming languages like Java, JavaScript is a prototype-based procedural language. This means it supports functional and object-oriented programming—with less rigid syntax, greater extensibility, and fewer rules. In this hands-on, interactive course, join instructor Emma Bostian to practice performing basic object-oriented programming tasks in JavaScript to boost your technical know-how, prepare for an interview, or land a new role. This course includes Code Challenges powered by CoderPad. Code Challenges are interactive coding exercises with real-time feedback, so you can get hands-on coding practice to advance your coding skills.",
							"type": "text"
						},
						{
							"key": "category",
							"value": "1",
							"type": "text"
						},
						{
							"key": "coursePrice",
							"value": "50$",
							"type": "text"
						},
						{
							"key": "courseImage",
							"type": "file",
							"src": "/Users/sovanrothnath/Downloads/Accounting-101.webp"
						},
						{
							"key": "courseResource",
							"value": "https://www.w3schools.com/java/",
							"type": "text"
						},
						{
							"key": "active",
							"value": "1",
							"type": "text"
						}
					]
				},
				"url": "http://localhost:3000/courses/create-course",
				"description": "This request has a test asserting that certain response headers are present or have an expected value.\n\nYou can access details of the response, such as headers, on the `pm.response` object. See the [response object documentation](https://learning.postman.com/docs/writing-scripts/script-references/postman-sandbox-api-reference/#scripting-with-response-data) for other properties available."
			},
			"response": []
		},
		{
			"name": "Get Course",
			"event": [
				{
					"listen": "test",
					"script": {
						"exec": [
							"pm.test(\"Verify response headers have expected values\", function () {",
							"    pm.expect(pm.response.headers.get(\"Content-Type\")).to.include(\"application/json\");",
							"    pm.expect(pm.response.headers.get(\"Content-Length\")).to.exist;",
							"});",
							""
						],
						"type": "text/javascript",
						"packages": {}
					}
				}
			],
			"protocolProfileBehavior": {
				"disableBodyPruning": true
			},
			"request": {
				"auth": {
					"type": "bearer",
					"bearer": {
						"token": "eyJhbGciOiJIUzI1NiIsInR5cCI6IkpXVCJ9.eyJ1c2VybmFtZSI6IkVvYmFyZCBTb3ZhbnJvdGgiLCJlbWFpbCI6ImFkbWluQGdtYWlsLmNvbSIsImlhdCI6MTcxNTM1MjczOSwiZXhwIjoxNzE1NTI1NTM5fQ.oj63T07l5EIo105IRzm31_oV1X2UcfE-yHv8_PB4S-k"
					}
				},
				"method": "GET",
				"header": [],
				"body": {
					"mode": "formdata",
					"formdata": []
				},
				"url": "https://server.sovanrothnath.site/courses/get-all-course",
				"description": "This request has a test asserting that certain response headers are present or have an expected value.\n\nYou can access details of the response, such as headers, on the `pm.response` object. See the [response object documentation](https://learning.postman.com/docs/writing-scripts/script-references/postman-sandbox-api-reference/#scripting-with-response-data) for other properties available."
			},
			"response": []
		},
		{
			"name": "Get Course by user",
			"event": [
				{
					"listen": "test",
					"script": {
						"exec": [
							"pm.test(\"Verify response headers have expected values\", function () {",
							"    pm.expect(pm.response.headers.get(\"Content-Type\")).to.include(\"application/json\");",
							"    pm.expect(pm.response.headers.get(\"Content-Length\")).to.exist;",
							"});",
							""
						],
						"type": "text/javascript",
						"packages": {}
					}
				}
			],
			"protocolProfileBehavior": {
				"disableBodyPruning": true
			},
			"request": {
				"auth": {
					"type": "bearer",
					"bearer": {
						"token": "eyJhbGciOiJIUzI1NiIsInR5cCI6IkpXVCJ9.eyJ1c2VySWQiOiIxNCIsInVzZXJuYW1lIjoiU292YW5yb3RoMSIsImVtYWlsIjoiZW9iYXJkMUBnbWFpbC5jb20iLCJpYXQiOjE3MDgyNTU5NzEsImV4cCI6MTcwODg2MDc3MX0.kdyBZQIIF9WNpoVHe-qAakdMnQiMOD6Ohdv3iojKNiU"
					}
				},
				"method": "GET",
				"header": [],
				"body": {
					"mode": "raw",
					"raw": "Retrieved successfully",
					"options": {
						"raw": {
							"language": "text"
						}
					}
				},
				"url": "http://localhost:3000/users/get-all-course-by-user/36",
				"description": "This request has a test asserting that certain response headers are present or have an expected value.\n\nYou can access details of the response, such as headers, on the `pm.response` object. See the [response object documentation](https://learning.postman.com/docs/writing-scripts/script-references/postman-sandbox-api-reference/#scripting-with-response-data) for other properties available."
			},
			"response": []
		},
		{
			"name": "Get Course by active",
			"event": [
				{
					"listen": "test",
					"script": {
						"exec": [
							"pm.test(\"Verify response headers have expected values\", function () {",
							"    pm.expect(pm.response.headers.get(\"Content-Type\")).to.include(\"application/json\");",
							"    pm.expect(pm.response.headers.get(\"Content-Length\")).to.exist;",
							"});",
							""
						],
						"type": "text/javascript",
						"packages": {}
					}
				}
			],
			"protocolProfileBehavior": {
				"disableBodyPruning": true
			},
			"request": {
				"auth": {
					"type": "bearer",
					"bearer": {
						"token": "eyJhbGciOiJIUzI1NiIsInR5cCI6IkpXVCJ9.eyJ1c2VybmFtZSI6IlJ5b21lbiBTdWt1bmEiLCJlbWFpbCI6ImFkbWluQGdtYWlsLmNvbSIsImlhdCI6MTcxNDgwMDQ4MCwiZXhwIjoxNzE0OTczMjgwfQ.pzjDEXb8HlVQpKFOwxcHu5-kviI48hbVoNPT-YygqrQ"
					}
				},
				"method": "GET",
				"header": [],
				"body": {
					"mode": "raw",
					"raw": "Retrieved successfully",
					"options": {
						"raw": {
							"language": "text"
						}
					}
				},
				"url": "http://localhost:3000/courses/get-course-by-active",
				"description": "This request has a test asserting that certain response headers are present or have an expected value.\n\nYou can access details of the response, such as headers, on the `pm.response` object. See the [response object documentation](https://learning.postman.com/docs/writing-scripts/script-references/postman-sandbox-api-reference/#scripting-with-response-data) for other properties available."
			},
			"response": []
		},
		{
			"name": "Search Course",
			"event": [
				{
					"listen": "test",
					"script": {
						"exec": [
							""
						],
						"type": "text/javascript",
						"packages": {}
					}
				}
			],
			"protocolProfileBehavior": {
				"disableBodyPruning": true
			},
			"request": {
				"auth": {
					"type": "bearer",
					"bearer": {
						"token": "eyJhbGciOiJIUzI1NiIsInR5cCI6IkpXVCJ9.eyJ1c2VySWQiOiIxNCIsInVzZXJuYW1lIjoiU292YW5yb3RoMSIsImVtYWlsIjoiZW9iYXJkMUBnbWFpbC5jb20iLCJpYXQiOjE3MDgyNTU5NzEsImV4cCI6MTcwODg2MDc3MX0.kdyBZQIIF9WNpoVHe-qAakdMnQiMOD6Ohdv3iojKNiU"
					}
				},
				"method": "GET",
				"header": [],
				"body": {
					"mode": "raw",
					"raw": "",
					"options": {
						"raw": {
							"language": "json"
						}
					}
				},
				"url": {
					"raw": "http://localhost:3000/courses/search-course-by-active?searchQuery=j",
					"protocol": "http",
					"host": [
						"localhost"
					],
					"port": "3000",
					"path": [
						"courses",
						"search-course-by-active"
					],
					"query": [
						{
							"key": "searchQuery",
							"value": "j"
						}
					]
				},
				"description": "This request has a test asserting that certain response headers are present or have an expected value.\n\nYou can access details of the response, such as headers, on the `pm.response` object. See the [response object documentation](https://learning.postman.com/docs/writing-scripts/script-references/postman-sandbox-api-reference/#scripting-with-response-data) for other properties available."
			},
			"response": []
		},
		{
			"name": "Get Course by id",
			"event": [
				{
					"listen": "test",
					"script": {
						"exec": [
							"pm.test(\"Verify response headers have expected values\", function () {",
							"    pm.expect(pm.response.headers.get(\"Content-Type\")).to.include(\"application/json\");",
							"    pm.expect(pm.response.headers.get(\"Content-Length\")).to.exist;",
							"});",
							""
						],
						"type": "text/javascript",
						"packages": {}
					}
				}
			],
			"protocolProfileBehavior": {
				"disableBodyPruning": true
			},
			"request": {
				"auth": {
					"type": "bearer",
					"bearer": {
						"token": "eyJhbGciOiJIUzI1NiIsInR5cCI6IkpXVCJ9.eyJ1c2VybmFtZSI6IlJ5b21lbiBTdWt1bmEiLCJlbWFpbCI6ImFkbWluQGdtYWlsLmNvbSIsImlhdCI6MTcxNDgzMjE4OCwiZXhwIjoxNzE1MDA0OTg4fQ.K2SAm3eNiXVlQfnMRPhiB-nUbQaswJHFm4WF6APZIn0"
					}
				},
				"method": "GET",
				"header": [],
				"body": {
					"mode": "raw",
					"raw": "{\n    \"courseTitle\": \"1\",\n    \"courseDescription\": \"1\",\n    \"category\": \"1\",\n    \"courseImage\": \"1\",\n    \"coursePrice\": \"1\",\n    \"courseResource\": \"1\",\n    \"active\": 1\n}",
					"options": {
						"raw": {
							"language": "json"
						}
					}
				},
				"url": "http://localhost:3000/courses/get-course-by-id/11",
				"description": "This request has a test asserting that certain response headers are present or have an expected value.\n\nYou can access details of the response, such as headers, on the `pm.response` object. See the [response object documentation](https://learning.postman.com/docs/writing-scripts/script-references/postman-sandbox-api-reference/#scripting-with-response-data) for other properties available."
			},
			"response": []
		},
		{
			"name": "Get one course by userid",
			"event": [
				{
					"listen": "test",
					"script": {
						"exec": [
							"pm.test(\"Verify response headers have expected values\", function () {",
							"    pm.expect(pm.response.headers.get(\"Content-Type\")).to.include(\"application/json\");",
							"    pm.expect(pm.response.headers.get(\"Content-Length\")).to.exist;",
							"});",
							""
						],
						"type": "text/javascript",
						"packages": {}
					}
				}
			],
			"protocolProfileBehavior": {
				"disableBodyPruning": true
			},
			"request": {
				"auth": {
					"type": "bearer",
					"bearer": {
						"token": "eyJhbGciOiJIUzI1NiIsInR5cCI6IkpXVCJ9.eyJ1c2VybmFtZSI6IlJ5b21lbiBTdWt1bmEiLCJlbWFpbCI6ImFkbWluQGdtYWlsLmNvbSIsImlhdCI6MTcxNDgzMjE4OCwiZXhwIjoxNzE1MDA0OTg4fQ.K2SAm3eNiXVlQfnMRPhiB-nUbQaswJHFm4WF6APZIn0"
					}
				},
				"method": "GET",
				"header": [],
				"body": {
					"mode": "raw",
					"raw": "{\n    \"courseTitle\": \"1\",\n    \"courseDescription\": \"1\",\n    \"category\": \"1\",\n    \"courseImage\": \"1\",\n    \"coursePrice\": \"1\",\n    \"courseResource\": \"1\",\n    \"active\": 1\n}",
					"options": {
						"raw": {
							"language": "json"
						}
					}
				},
				"url": {
					"raw": "http://localhost:3000/users/get-one-course?userId=1&courseId=12",
					"protocol": "http",
					"host": [
						"localhost"
					],
					"port": "3000",
					"path": [
						"users",
						"get-one-course"
					],
					"query": [
						{
							"key": "userId",
							"value": "1"
						},
						{
							"key": "courseId",
							"value": "12"
						}
					]
				},
				"description": "This request has a test asserting that certain response headers are present or have an expected value.\n\nYou can access details of the response, such as headers, on the `pm.response` object. See the [response object documentation](https://learning.postman.com/docs/writing-scripts/script-references/postman-sandbox-api-reference/#scripting-with-response-data) for other properties available."
			},
			"response": []
		},
		{
			"name": "Get course by category",
			"event": [
				{
					"listen": "test",
					"script": {
						"exec": [
							"pm.test(\"Verify response headers have expected values\", function () {",
							"    pm.expect(pm.response.headers.get(\"Content-Type\")).to.include(\"application/json\");",
							"    pm.expect(pm.response.headers.get(\"Content-Length\")).to.exist;",
							"});",
							""
						],
						"type": "text/javascript",
						"packages": {}
					}
				}
			],
			"protocolProfileBehavior": {
				"disableBodyPruning": true
			},
			"request": {
				"auth": {
					"type": "bearer",
					"bearer": {
						"token": "eyJhbGciOiJIUzI1NiIsInR5cCI6IkpXVCJ9.eyJ1c2VySWQiOiIxNCIsInVzZXJuYW1lIjoiU292YW5yb3RoMSIsImVtYWlsIjoiZW9iYXJkMUBnbWFpbC5jb20iLCJpYXQiOjE3MDgyNTU5NzEsImV4cCI6MTcwODg2MDc3MX0.kdyBZQIIF9WNpoVHe-qAakdMnQiMOD6Ohdv3iojKNiU"
					}
				},
				"method": "GET",
				"header": [],
				"body": {
					"mode": "raw",
					"raw": "{\n    \"courseTitle\": \"1\",\n    \"courseDescription\": \"1\",\n    \"category\": \"1\",\n    \"courseImage\": \"1\",\n    \"coursePrice\": \"1\",\n    \"courseResource\": \"1\",\n    \"active\": 1\n}",
					"options": {
						"raw": {
							"language": "json"
						}
					}
				},
				"url": {
					"raw": "http://localhost:3000/courses/category?id=2",
					"protocol": "http",
					"host": [
						"localhost"
					],
					"port": "3000",
					"path": [
						"courses",
						"category"
					],
					"query": [
						{
							"key": "userId",
							"value": "12",
							"disabled": true
						},
						{
							"key": "id",
							"value": "2"
						}
					]
				},
				"description": "This request has a test asserting that certain response headers are present or have an expected value.\n\nYou can access details of the response, such as headers, on the `pm.response` object. See the [response object documentation](https://learning.postman.com/docs/writing-scripts/script-references/postman-sandbox-api-reference/#scripting-with-response-data) for other properties available."
			},
			"response": []
		},
		{
			"name": "Get course by category with user",
			"event": [
				{
					"listen": "test",
					"script": {
						"exec": [
							"pm.test(\"Verify response headers have expected values\", function () {",
							"    pm.expect(pm.response.headers.get(\"Content-Type\")).to.include(\"application/json\");",
							"    pm.expect(pm.response.headers.get(\"Content-Length\")).to.exist;",
							"});",
							""
						],
						"type": "text/javascript",
						"packages": {}
					}
				}
			],
			"protocolProfileBehavior": {
				"disableBodyPruning": true
			},
			"request": {
				"auth": {
					"type": "bearer",
					"bearer": {
						"token": "eyJhbGciOiJIUzI1NiIsInR5cCI6IkpXVCJ9.eyJ1c2VySWQiOiIxNCIsInVzZXJuYW1lIjoiU292YW5yb3RoMSIsImVtYWlsIjoiZW9iYXJkMUBnbWFpbC5jb20iLCJpYXQiOjE3MDgyNTU5NzEsImV4cCI6MTcwODg2MDc3MX0.kdyBZQIIF9WNpoVHe-qAakdMnQiMOD6Ohdv3iojKNiU"
					}
				},
				"method": "GET",
				"header": [],
				"body": {
					"mode": "raw",
					"raw": "{\n    \"courseTitle\": \"1\",\n    \"courseDescription\": \"1\",\n    \"category\": \"1\",\n    \"courseImage\": \"1\",\n    \"coursePrice\": \"1\",\n    \"courseResource\": \"1\",\n    \"active\": 1\n}",
					"options": {
						"raw": {
							"language": "json"
						}
					}
				},
				"url": {
					"raw": "http://localhost:3000/users/get-category?userId=32&categoryId=1",
					"protocol": "http",
					"host": [
						"localhost"
					],
					"port": "3000",
					"path": [
						"users",
						"get-category"
					],
					"query": [
						{
							"key": "userId",
							"value": "32"
						},
						{
							"key": "categoryId",
							"value": "1"
						}
					]
				},
				"description": "This request has a test asserting that certain response headers are present or have an expected value.\n\nYou can access details of the response, such as headers, on the `pm.response` object. See the [response object documentation](https://learning.postman.com/docs/writing-scripts/script-references/postman-sandbox-api-reference/#scripting-with-response-data) for other properties available."
			},
			"response": []
		},
		{
			"name": "update course",
			"event": [
				{
					"listen": "test",
					"script": {
						"exec": [
							"const getData = () => pm.response.json().data;",
							"",
							"pm.test(\"Returns a book object\", () => {",
							"    const data = getData();",
							"",
							"    // Check the expected properties exist",
							"    pm.expect(data).to.have.property(\"title\");",
							"    pm.expect(data).to.have.property(\"author\");",
							"    pm.expect(data).to.have.property(\"published\");",
							"",
							"    // Check the values have the expected types",
							"    pm.expect(data.title).to.be.a('string');",
							"    pm.expect(data.author).to.be.a('string');",
							"    pm.expect(data.published).to.be.a('number');",
							"});",
							"",
							"pm.test(\"Return correct details for 'Sapiens' book\", () => {",
							"    const data = getData();",
							"",
							"    // Check expected values are present",
							"    pm.expect(data.title).to.equal(\"Sapiens\");",
							"    pm.expect(data.author).to.equal(\"Yuval Noah Harari\");",
							"    pm.expect(data.published).to.equal(2011);",
							"});"
						],
						"type": "text/javascript",
						"packages": {}
					}
				}
			],
			"request": {
				"auth": {
					"type": "bearer",
					"bearer": {
						"token": "eyJhbGciOiJIUzI1NiIsInR5cCI6IkpXVCJ9.eyJ1c2VybmFtZSI6IlNvdmFucm90aCIsImVtYWlsIjoic292YW5yb3RoMDE2QGdtYWlsLmNvbSIsImlhdCI6MTcxMzcwNTUwNywiZXhwIjoxNzEzODc4MzA3fQ.kajuETLpRUOpapliTP6Pz2mCFG31w5iRNWrs4EOG1jQ"
					}
				},
				"method": "PUT",
				"header": [],
				"body": {
					"mode": "formdata",
					"formdata": [
						{
							"key": "courseTitle",
							"value": "1111",
							"type": "text"
						},
						{
							"key": "courseDescription",
							"value": "",
							"type": "text",
							"disabled": true
						},
						{
							"key": "category",
							"value": "",
							"type": "text",
							"disabled": true
						},
						{
							"key": "courseImage",
							"type": "file",
							"src": "/Users/sovanrothnath/Downloads/_ (5).jpeg",
							"disabled": true
						},
						{
							"key": "coursePrice",
							"value": "",
							"type": "text",
							"disabled": true
						},
						{
							"key": "courseResource",
							"value": "https://www.youtube.com/",
							"type": "text",
							"disabled": true
						},
						{
							"key": "active",
							"value": "0",
							"type": "text",
							"disabled": true
						}
					]
				},
				"url": "https://sovanrothlearningserver-production.up.railway.app/courses/update-course/38",
				"description": "This request uses tests to verify both the structure (existence and type of individual properties) and exact values of the response data.\n\nUse `pm.expect(subject)` to wrap test subjects, and [Chai](https://www.chaijs.com/api/bdd/) for assertions."
			},
			"response": []
		},
		{
			"name": "delete course",
			"event": [
				{
					"listen": "test",
					"script": {
						"exec": [
							"pm.test(\"Verify response time is less than 5 seconds\", function () {",
							"    const fiveSecondsMs = 5_000; // 5 seconds in milliseconds",
							"    pm.expect(pm.response.responseTime).to.be.below(fiveSecondsMs);",
							"});",
							""
						],
						"type": "text/javascript",
						"packages": {}
					}
				}
			],
			"request": {
				"auth": {
					"type": "bearer",
					"bearer": {
						"token": "eyJhbGciOiJIUzI1NiIsInR5cCI6IkpXVCJ9.eyJ1c2VybmFtZSI6IkJybyByb3RoJ3MgZ2YiLCJlbWFpbCI6InNvdmFucm90aDAxNkBnbWFpbC5jb20iLCJpYXQiOjE3MTQ0NjIxMzEsImV4cCI6MTcxNDYzNDkzMX0.OIrp2gsWIQp3NQHNN5nbN-FrV7jC9QIYk7JaaOF8S6E"
					}
				},
				"method": "DELETE",
				"header": [],
				"body": {
					"mode": "raw",
					"raw": "",
					"options": {
						"raw": {
							"language": "json"
						}
					}
				},
				"url": "http://localhost:3000/courses/delete-course/49",
				"description": "This request has a test asserting that a response is received within a specific time limit (in this case 5 seconds). This is useful for ensuring consistent API performance.\n\nYou can access details of the response, such as response time, on the `pm.response` object. See the [response object documentation](https://learning.postman.com/docs/writing-scripts/script-references/postman-sandbox-api-reference/#scripting-with-response-data) for other properties available."
			},
			"response": []
		}
	]
}