{
	"info": {
		"_postman_id": "cb2bf67b-fd8a-404b-b4a8-abb06781fce2",
		"name": "Reply",
		"schema": "https://schema.getpostman.com/json/collection/v2.0.0/collection.json",
		"_exporter_id": "22356453"
	},
	"item": [
		{
			"name": "Reply",
			"request": {
				"auth": {
					"type": "bearer",
					"bearer": {
						"token": "eyJhbGciOiJIUzI1NiIsInR5cCI6IkpXVCJ9.eyJ1c2VybmFtZSI6IlNvdmFucm90aCIsImVtYWlsIjoic292YW5yb3RoMDE2QGdtYWlsLmNvbSIsImlhdCI6MTcxNDE5Mjc1MSwiZXhwIjoxNzE0MzY1NTUxfQ.k-Kk3D9HGBxNKC95M6L7ufAEJebO52YrTarLnq-fB-w"
					}
				},
				"method": "POST",
				"header": [],
				"body": {
					"mode": "raw",
					"raw": "{\n    \"replyData\": \"No\"\n}",
					"options": {
						"raw": {
							"language": "json"
						}
					}
				},
				"url": "http://localhost:3000/replies/create-reply/1/1"
			},
			"response": []
		},
		{
			"name": "Get Reply",
			"protocolProfileBehavior": {
				"disableBodyPruning": true
			},
			"request": {
				"auth": {
					"type": "bearer",
					"bearer": {
						"token": "eyJhbGciOiJIUzI1NiIsInR5cCI6IkpXVCJ9.eyJ1c2VybmFtZSI6IlNvdmFucm90aCIsImVtYWlsIjoic292YW5yb3RoMDE2QGdtYWlsLmNvbSIsImlhdCI6MTcxNDE5Mjc1MSwiZXhwIjoxNzE0MzY1NTUxfQ.k-Kk3D9HGBxNKC95M6L7ufAEJebO52YrTarLnq-fB-w"
					}
				},
				"method": "GET",
				"header": [],
				"body": {
					"mode": "raw",
					"raw": "{\n    \"commentData\": \"sovanroth016@gmail.com\"\n}",
					"options": {
						"raw": {
							"language": "json"
						}
					}
				},
				"url": "http://localhost:3000/replies/get-all-replies"
			},
			"response": []
		},
		{
			"name": "Update comment",
			"request": {
				"auth": {
					"type": "bearer",
					"bearer": {
						"token": "eyJhbGciOiJIUzI1NiIsInR5cCI6IkpXVCJ9.eyJ1c2VybmFtZSI6IlNvdmFucm90aCIsImVtYWlsIjoic292YW5yb3RoMDE2QGdtYWlsLmNvbSIsImlhdCI6MTcxNDE5Mjc1MSwiZXhwIjoxNzE0MzY1NTUxfQ.k-Kk3D9HGBxNKC95M6L7ufAEJebO52YrTarLnq-fB-w"
					}
				},
				"method": "PUT",
				"header": [],
				"body": {
					"mode": "raw",
					"raw": "{\n    \"replyData\": \"Hello sir\"\n}",
					"options": {
						"raw": {
							"language": "json"
						}
					}
				},
				"url": "http://localhost:3000/replies/update-reply/4"
			},
			"response": []
		},
		{
			"name": "Delete comment",
			"request": {
				"auth": {
					"type": "bearer",
					"bearer": {
						"token": "eyJhbGciOiJIUzI1NiIsInR5cCI6IkpXVCJ9.eyJ1c2VybmFtZSI6IkJybyByb3RoJ3MgZ2YiLCJlbWFpbCI6InNvdmFucm90aDAxNkBnbWFpbC5jb20iLCJpYXQiOjE3MTQ0NjIxMzEsImV4cCI6MTcxNDYzNDkzMX0.OIrp2gsWIQp3NQHNN5nbN-FrV7jC9QIYk7JaaOF8S6E"
					}
				},
				"method": "DELETE",
				"header": [],
				"body": {
					"mode": "raw",
					"raw": "{\n    \"replyData\": \"sovanroth016@gmail.com\"\n}",
					"options": {
						"raw": {
							"language": "json"
						}
					}
				},
				"url": "http://localhost:3000/replies/delete-reply/3"
			},
			"response": []
		}
	]
}