{
	"info": {
		"_postman_id": "4db12a11-5a02-47bf-bef2-dd64303f47bf",
		"name": "User Profile",
		"schema": "https://schema.getpostman.com/json/collection/v2.0.0/collection.json",
		"_exporter_id": "22356453"
	},
	"item": [
		{
			"name": "create user's pfp",
			"request": {
				"method": "POST",
				"header": [],
				"body": {
					"mode": "formdata",
					"formdata": [
						{
							"key": "file",
							"type": "file",
							"src": "/Users/sovanrothnath/Downloads/_ (3).jpeg"
						}
					]
				},
				"url": "http://localhost:3000/users/upload-profile/19"
			},
			"response": []
		},
		{
			"name": "Get all profiles",
			"event": [
				{
					"listen": "test",
					"script": {
						"exec": [
							"pm.test(\"Status code is 200\", function () {",
							"    pm.response.to.have.status(200);",
							"});",
							""
						],
						"type": "text/javascript"
					}
				}
			],
			"request": {
				"auth": {
					"type": "bearer",
					"bearer": {
						"token": "eyJhbGciOiJIUzI1NiIsInR5cCI6IkpXVCJ9.eyJ1c2VySWQiOiIxNCIsInVzZXJuYW1lIjoiU292YW5yb3RoMSIsImVtYWlsIjoiZW9iYXJkMUBnbWFpbC5jb20iLCJpYXQiOjE3MDgyNTU5NzEsImV4cCI6MTcwODg2MDc3MX0.kdyBZQIIF9WNpoVHe-qAakdMnQiMOD6Ohdv3iojKNiU"
					}
				},
				"method": "GET",
				"header": [],
				"url": "http://localhost:3000/users/get-all-profiles",
				"description": "The test on this request asserts that the reponse has a \"200 OK\" status.\n\nYou can check for any HTTP status code using the same mechanism, for example `pm.response.to.have.status(403)` if your API should return an \"Unauthorized\" response."
			},
			"response": []
		},
		{
			"name": "update user profile",
			"event": [
				{
					"listen": "test",
					"script": {
						"exec": [
							"const getData = () => pm.response.json().data;",
							"",
							"pm.test(\"Returns a book object\", () => {",
							"    const data = getData();",
							"",
							"    // Check the expected properties exist",
							"    pm.expect(data).to.have.property(\"title\");",
							"    pm.expect(data).to.have.property(\"author\");",
							"    pm.expect(data).to.have.property(\"published\");",
							"",
							"    // Check the values have the expected types",
							"    pm.expect(data.title).to.be.a('string');",
							"    pm.expect(data.author).to.be.a('string');",
							"    pm.expect(data.published).to.be.a('number');",
							"});",
							"",
							"pm.test(\"Return correct details for 'Sapiens' book\", () => {",
							"    const data = getData();",
							"",
							"    // Check expected values are present",
							"    pm.expect(data.title).to.equal(\"Sapiens\");",
							"    pm.expect(data.author).to.equal(\"Yuval Noah Harari\");",
							"    pm.expect(data.published).to.equal(2011);",
							"});"
						],
						"type": "text/javascript",
						"packages": {}
					}
				}
			],
			"request": {
				"method": "PUT",
				"header": [],
				"body": {
					"mode": "formdata",
					"formdata": [
						{
							"key": "file",
							"type": "file",
							"src": "/Users/sovanrothnath/Downloads/photo_2023-12-15 14.34.25.jpeg"
						}
					]
				},
				"url": "http://localhost:3000/users/update-user-profile/15",
				"description": "This request uses tests to verify both the structure (existence and type of individual properties) and exact values of the response data.\n\nUse `pm.expect(subject)` to wrap test subjects, and [Chai](https://www.chaijs.com/api/bdd/) for assertions."
			},
			"response": []
		},
		{
			"name": "delete profile",
			"event": [
				{
					"listen": "test",
					"script": {
						"exec": [
							"pm.test(\"Verify response time is less than 5 seconds\", function () {",
							"    const fiveSecondsMs = 5_000; // 5 seconds in milliseconds",
							"    pm.expect(pm.response.responseTime).to.be.below(fiveSecondsMs);",
							"});",
							""
						],
						"type": "text/javascript",
						"packages": {}
					}
				}
			],
			"request": {
				"auth": {
					"type": "bearer",
					"bearer": {
						"token": "eyJhbGciOiJIUzI1NiIsInR5cCI6IkpXVCJ9.eyJ1c2VySWQiOiIxNCIsInVzZXJuYW1lIjoiU292YW5yb3RoMSIsImVtYWlsIjoiZW9iYXJkMUBnbWFpbC5jb20iLCJpYXQiOjE3MDgyNTU5NzEsImV4cCI6MTcwODg2MDc3MX0.kdyBZQIIF9WNpoVHe-qAakdMnQiMOD6Ohdv3iojKNiU"
					}
				},
				"method": "DELETE",
				"header": [],
				"body": {
					"mode": "raw",
					"raw": "",
					"options": {
						"raw": {
							"language": "json"
						}
					}
				},
				"url": "http://localhost:3000/users/delete-user-profile/15",
				"description": "This request has a test asserting that a response is received within a specific time limit (in this case 5 seconds). This is useful for ensuring consistent API performance.\n\nYou can access details of the response, such as response time, on the `pm.response` object. See the [response object documentation](https://learning.postman.com/docs/writing-scripts/script-references/postman-sandbox-api-reference/#scripting-with-response-data) for other properties available."
			},
			"response": []
		},
		{
			"name": "delete profile Copy",
			"event": [
				{
					"listen": "test",
					"script": {
						"exec": [
							"pm.test(\"Verify response time is less than 5 seconds\", function () {",
							"    const fiveSecondsMs = 5_000; // 5 seconds in milliseconds",
							"    pm.expect(pm.response.responseTime).to.be.below(fiveSecondsMs);",
							"});",
							""
						],
						"type": "text/javascript",
						"packages": {}
					}
				}
			],
			"protocolProfileBehavior": {
				"disableBodyPruning": true
			},
			"request": {
				"auth": {
					"type": "bearer",
					"bearer": {
						"token": "eyJhbGciOiJIUzI1NiIsInR5cCI6IkpXVCJ9.eyJ1c2VySWQiOiIxNCIsInVzZXJuYW1lIjoiU292YW5yb3RoMSIsImVtYWlsIjoiZW9iYXJkMUBnbWFpbC5jb20iLCJpYXQiOjE3MDgyNTU5NzEsImV4cCI6MTcwODg2MDc3MX0.kdyBZQIIF9WNpoVHe-qAakdMnQiMOD6Ohdv3iojKNiU"
					}
				},
				"method": "GET",
				"header": [],
				"body": {
					"mode": "raw",
					"raw": "",
					"options": {
						"raw": {
							"language": "json"
						}
					}
				},
				"url": "http://localhost:8080",
				"description": "This request has a test asserting that a response is received within a specific time limit (in this case 5 seconds). This is useful for ensuring consistent API performance.\n\nYou can access details of the response, such as response time, on the `pm.response` object. See the [response object documentation](https://learning.postman.com/docs/writing-scripts/script-references/postman-sandbox-api-reference/#scripting-with-response-data) for other properties available."
			},
			"response": []
		}
	]
}