{
	"info": {
		"_postman_id": "4001d65d-c764-4b8a-8f9e-6a32747ce15a",
		"name": "Video",
		"schema": "https://schema.getpostman.com/json/collection/v2.0.0/collection.json",
		"_exporter_id": "22356453"
	},
	"item": [
		{
			"name": "Create Course Video",
			"event": [
				{
					"listen": "test",
					"script": {
						"exec": [
							"pm.test(\"Verify response headers have expected values\", function () {",
							"    pm.expect(pm.response.headers.get(\"Content-Type\")).to.include(\"application/json\");",
							"    pm.expect(pm.response.headers.get(\"Content-Length\")).to.exist;",
							"});",
							""
						],
						"type": "text/javascript",
						"packages": {}
					}
				}
			],
			"request": {
				"auth": {
					"type": "bearer",
					"bearer": {
						"token": "eyJhbGciOiJIUzI1NiIsInR5cCI6IkpXVCJ9.eyJ1c2VybmFtZSI6IlNvdmFucm90aDEiLCJlbWFpbCI6Im5zb3ZhbnJvdGhAZ21haWwuY29tIiwiaWF0IjoxNzExODcwODA3LCJleHAiOjE3MTI0NzU2MDd9.oyqMho2h6msr0NqFrxMWFXvTbMAlxTwJd3rGwAtQyaA"
					}
				},
				"method": "POST",
				"header": [],
				"body": {
					"mode": "raw",
					"raw": "{\n    \"video_title\" : \"AutoCAD House Section Drawing Tutorial - 3 of 3\",\n    \"video_url\" : \"https://youtu.be/dc5y-mwyWN4?si=qOJ6LfXDUXJro7c_\"\n}",
					"options": {
						"raw": {
							"language": "json"
						}
					}
				},
				"url": "https://sovanrothlearningserver-production.up.railway.app/courses/post-video/26",
				"description": "This request has a test asserting that certain response headers are present or have an expected value.\n\nYou can access details of the response, such as headers, on the `pm.response` object. See the [response object documentation](https://learning.postman.com/docs/writing-scripts/script-references/postman-sandbox-api-reference/#scripting-with-response-data) for other properties available."
			},
			"response": []
		},
		{
			"name": "delete course video",
			"event": [
				{
					"listen": "test",
					"script": {
						"exec": [
							"pm.test(\"Verify response time is less than 5 seconds\", function () {",
							"    const fiveSecondsMs = 5_000; // 5 seconds in milliseconds",
							"    pm.expect(pm.response.responseTime).to.be.below(fiveSecondsMs);",
							"});",
							""
						],
						"type": "text/javascript",
						"packages": {}
					}
				}
			],
			"request": {
				"auth": {
					"type": "bearer",
					"bearer": {
						"token": "eyJhbGciOiJIUzI1NiIsInR5cCI6IkpXVCJ9.eyJ1c2VybmFtZSI6IlNvdmFucm90aCIsImVtYWlsIjoic292YW5yb3RoMDE2QGdtYWlsLmNvbSIsImlhdCI6MTcxMjU2OTI5NSwiZXhwIjoxNzEyNzQyMDk1fQ.0grw29ksb8e1PAXajCRMxoDhJU6qRxKOJiiERvVbr4Q"
					}
				},
				"method": "DELETE",
				"header": [],
				"body": {
					"mode": "raw",
					"raw": "{\n    \"foo\": \"bar\"\n}\n",
					"options": {
						"raw": {
							"language": "json"
						}
					}
				},
				"url": {
					"raw": "https://sovanrothlearningserver-production.up.railway.app/courses/delete-course-video/42",
					"protocol": "https",
					"host": [
						"sovanrothlearningserver-production",
						"up",
						"railway",
						"app"
					],
					"path": [
						"courses",
						"delete-course-video",
						"42"
					],
					"query": [
						{
							"key": "",
							"value": null,
							"disabled": true
						}
					]
				},
				"description": "This request has a test asserting that a response is received within a specific time limit (in this case 5 seconds). This is useful for ensuring consistent API performance.\n\nYou can access details of the response, such as response time, on the `pm.response` object. See the [response object documentation](https://learning.postman.com/docs/writing-scripts/script-references/postman-sandbox-api-reference/#scripting-with-response-data) for other properties available."
			},
			"response": []
		},
		{
			"name": "Get Videos",
			"event": [
				{
					"listen": "test",
					"script": {
						"exec": [
							"pm.test(\"Verify response headers have expected values\", function () {",
							"    pm.expect(pm.response.headers.get(\"Content-Type\")).to.include(\"application/json\");",
							"    pm.expect(pm.response.headers.get(\"Content-Length\")).to.exist;",
							"});",
							""
						],
						"type": "text/javascript",
						"packages": {}
					}
				}
			],
			"protocolProfileBehavior": {
				"disableBodyPruning": true
			},
			"request": {
				"auth": {
					"type": "bearer",
					"bearer": {
						"token": "eyJhbGciOiJIUzI1NiIsInR5cCI6IkpXVCJ9.eyJ1c2VybmFtZSI6IlNvdmFucm90aCIsImVtYWlsIjoic292YW5yb3RoMDE2QGdtYWlsLmNvbSIsImlhdCI6MTcxNDE4NTExNCwiZXhwIjoxNzE0MzU3OTE0fQ.XyOvjW5Q3Diykvv-XwjRTmkeiq5LV_y7UPPlyBOzozQ"
					}
				},
				"method": "GET",
				"header": [],
				"body": {
					"mode": "raw",
					"raw": "{\n    \"courseTitle\": \"1\",\n    \"courseDescription\": \"1\",\n    \"category\": \"1\",\n    \"courseImage\": \"1\",\n    \"coursePrice\": \"1\",\n    \"courseResource\": \"1\",\n    \"active\": 1\n}",
					"options": {
						"raw": {
							"language": "json"
						}
					}
				},
				"url": "http://localhost:3000/courses/get-all-videos",
				"description": "This request has a test asserting that certain response headers are present or have an expected value.\n\nYou can access details of the response, such as headers, on the `pm.response` object. See the [response object documentation](https://learning.postman.com/docs/writing-scripts/script-references/postman-sandbox-api-reference/#scripting-with-response-data) for other properties available."
			},
			"response": []
		},
		{
			"name": "update video",
			"event": [
				{
					"listen": "test",
					"script": {
						"exec": [
							"const getData = () => pm.response.json().data;",
							"",
							"pm.test(\"Returns a book object\", () => {",
							"    const data = getData();",
							"",
							"    // Check the expected properties exist",
							"    pm.expect(data).to.have.property(\"title\");",
							"    pm.expect(data).to.have.property(\"author\");",
							"    pm.expect(data).to.have.property(\"published\");",
							"",
							"    // Check the values have the expected types",
							"    pm.expect(data.title).to.be.a('string');",
							"    pm.expect(data.author).to.be.a('string');",
							"    pm.expect(data.published).to.be.a('number');",
							"});",
							"",
							"pm.test(\"Return correct details for 'Sapiens' book\", () => {",
							"    const data = getData();",
							"",
							"    // Check expected values are present",
							"    pm.expect(data.title).to.equal(\"Sapiens\");",
							"    pm.expect(data.author).to.equal(\"Yuval Noah Harari\");",
							"    pm.expect(data.published).to.equal(2011);",
							"});"
						],
						"type": "text/javascript",
						"packages": {}
					}
				}
			],
			"request": {
				"auth": {
					"type": "bearer",
					"bearer": {
						"token": "eyJhbGciOiJIUzI1NiIsInR5cCI6IkpXVCJ9.eyJ1c2VybmFtZSI6IlNvdmFucm90aCIsImVtYWlsIjoic292YW5yb3RoMDE2QGdtYWlsLmNvbSIsImlhdCI6MTcxNDE4NTExNCwiZXhwIjoxNzE0MzU3OTE0fQ.XyOvjW5Q3Diykvv-XwjRTmkeiq5LV_y7UPPlyBOzozQ"
					}
				},
				"method": "PUT",
				"header": [],
				"body": {
					"mode": "raw",
					"raw": "{\n    // \"video_title\": \"sovanrothtest1\",\n    // \"video_url\": \"https://youtu.be/i9L_Ew4t1xg?si=tpbg0msK72W8hnrY\"\n           \"video_description\": \"In this set of articles, you'll learn the core fundamentals of Nest. To get familiar with the essential building blocks of Nest applications, we'll build a basic CRUD application with features that cover a lot of ground at an introductory level.\"\n            // \"video_resource\": \"test\"\n}",
					"options": {
						"raw": {
							"language": "json"
						}
					}
				},
				"url": "http://localhost:3000/courses/update-video/8",
				"description": "This request uses tests to verify both the structure (existence and type of individual properties) and exact values of the response data.\n\nUse `pm.expect(subject)` to wrap test subjects, and [Chai](https://www.chaijs.com/api/bdd/) for assertions."
			},
			"response": []
		}
	]
}